<?xml version="1.0" encoding="utf-8"?>
<component size="1136,570">
  <displayList>
    <graph id="n1" name="n1" xy="187,62" size="100,100" type="rect" lineSize="2" corner="20"/>
    <graph id="n2" name="n2" xy="43,62" size="100,100" type="rect" lineSize="5" lineColor="#ffffff66" fillColor="#ffcc9933"/>
    <graph id="n5" name="n5" xy="57,255" pivot="0.5,0.5" size="206,113" skew="60,30" rotation="-30" type="rect" lineSize="2" fillColor="#ff006600"/>
    <graph id="n7" name="n7" xy="323,62" size="139,92" type="rect" lineSize="15" lineColor="#ffff99ff" fillColor="#00ff6600"/>
    <text id="n8" name="n8" xy="13,10" size="71,26" fontSize="22" text="Shapes"/>
    <graph id="n9_ty2k" name="polygon" xy="493,243" size="144,145" type="rect" lineSize="2" lineColor="#ff660033" fillColor="#ff66cccc"/>
    <graph id="n10_ty2k" name="polygon2" xy="668,242" size="144,145" type="rect" lineSize="2" lineColor="#ffcc0066" fillColor="#ffff9933"/>
    <graph id="n13_ty2k" name="line" xy="38,421" size="226,8" type="rect" lineColor="#ff006600" fillColor="#ff009900"/>
    <image id="n16_ty2k" name="line3" src="t9fj5a" fileName="images/caiji2.png" xy="647,495" size="384,30"/>
    <graph id="n4" name="n4" xy="624,62" size="100,100" type="eclipse" lineSize="2" fillColor="#6866cc33"/>
    <graph id="n6" name="n6" xy="895,62" size="206,113" type="eclipse" lineSize="2" fillColor="#ff336699"/>
    <graph id="n11_ty2k" name="n11" xy="758,62" size="100,100" type="eclipse" lineSize="16" lineColor="#ff003300" fillColor="#0066cc33"/>
    <graph id="n12_ty2k" name="pie" xy="490,62" size="100,100" type="eclipse" lineSize="2" lineColor="#ff000099" fillColor="#6800cccc"/>
    <image id="n14_ty2k" name="n14" src="ty2k8a" fileName="images/radial.png" xy="978,333" pivot="0.5,0.5" anchor="true"/>
    <graph id="n15_ty2k" name="radial" xy="979,333" pivot="0.5,0.5" anchor="true" size="244,244" type="rect" lineSize="2" lineColor="#ffff9900" fillColor="#6999ff33"/>
    <graph id="n19_ty2k" name="trapezoid" xy="317,245" size="144,145" type="rect" lineSize="2" lineColor="#ffffffff" fillColor="#ff993366"/>
    <graph id="n21_7376" name="line2" xy="331,468" size="226,8" type="rect" lineSize="0" lineColor="#ff006600" fillColor="#ff0033cc"/>
  </displayList>
</component>