<?xml version="1.0" encoding="utf-8"?>
<component size="640,582">
  <controller name="page" pages="0,,1,,2," selected="2"/>
  <displayList>
    <component id="n7" name="frame" src="dwwc3" xy="0,0" size="640,582">
      <Label title="Bag"/>
    </component>
    <list id="n8" name="list" xy="54,71" size="525,332" layout="pagination" overflow="scroll" scroll="horizontal" scrollBarFlags="8" margin="0,0,0,0" clipSoftness="0,20" lineGap="5" colGap="5" defaultItem="ui://rbw1tv9tjlmg7">
      <item/>
      <item/>
      <item/>
      <item/>
      <item/>
      <item/>
      <item/>
      <item/>
      <item/>
      <item/>
      <item/>
      <item/>
      <item/>
      <item/>
      <item/>
      <item/>
      <item/>
      <item/>
      <item/>
      <item/>
    </list>
    <image id="n9" name="n9" src="thi7g" xy="61,418" size="511,2"/>
    <image id="n10" name="n10" src="thi7h" xy="61,425" size="130,124"/>
    <loader id="n11" name="n11" xy="67,432" size="120,110" align="center" vAlign="middle"/>
    <text id="n12" name="n12" xy="205,461" size="113,28" fontSize="24" color="#ff0099" text="Selected:"/>
    <text id="n13" name="n13" xy="336,461" size="119,28" fontSize="24" color="#ff0099" autoSize="height" text=""/>
    <graph id="n19" name="n19" xy="265,399" size="15,15" group="n23" type="eclipse" lineSize="0" fillColor="#ff3f5b5f"/>
    <graph id="n20" name="n20" xy="312,399" size="15,15" group="n23" type="eclipse" lineSize="0" fillColor="#ff3f5b5f"/>
    <graph id="n21" name="n21" xy="359,399" size="15,15" group="n23" type="eclipse" lineSize="0" fillColor="#ff3f5b5f"/>
    <graph id="n22" name="n22" xy="359,399" size="15,15" group="n23" type="eclipse" lineSize="0" fillColor="#ff849da4">
      <gearXY controller="page" pages="0,1,2" values="265,399|312,399|359,399" default="305,501"/>
    </graph>
    <group id="n23" name="n23" xy="265,399" size="109,15"/>
  </displayList>
</component>